Model Name,V_rated,Irated,Package,RthJC IGBT,RthJC Diode,RthCS,Blank,Tjrated,Vref,EonTjmax,hTjmax,kTjmax,xTjmax,EoffTjmax,mTjmax,nTjmax,yTjmax,VtTjmax,aTjmax,bTjmax,Er0Tjmax,d1Tjmax,d2Tjmax,VtdTjmax,adTjmax,bdTjmax,Eon,h,k,x,Eoff,m,n,y,Vt,a,b,Er0,d1,d2,Vtd,ad,bd,Include Model?,
Models_Random,,,,,,,,,,IGBT Parameters at Tjmax,,,,,,,,,,,Diode Parameters at Tjmax,,,,,,IGBT Parameters at 25°C,,,,,,,,,,,Diode Parameters at 25°C,Diode Parameters at 25°C,,,,,,
IRGP20B120UD-E,1200,20,TO-247AD,0.42,0.83,1,,150,600,,59.2413,1.08504,,,16.7156,1.18173,,1.01345,0.51719,0.56625,,47.5617,1.007529,0.511308,0.22204,0.618346,,34.8682,1.094902,,,11.0147,1.192182,,1.517838,0.118706,0.851141,,18.50178,0.986605,0.752522,0.219667,0.551607,1,
IRGI4064D,600,10,TO-220 FullPak,3.29,3.66,0.5,,150,400,,49.9435,0.72321,,,33.7944,0.82283,,0.39098,0.39577,0.57607,,73.4086021,0.402530155,0.505251,0.323814,0.529842,,21.1943,0.850315,,,17.9996,0.820366,,0.56743,0.261663,0.573179,,21.475848,0.390521,0.729334,0.574427,0.337043,0,
IRG4P254S,250,55,TO-247AC,0.64,,1,,150,200,,2.04,1.4332,,,98.09714,1.07451,,0.52978,0.04357,0.71767,,,,,,,,1.06,1.576137,,,33.8248,1.19632,,0.738888,0.032125,0.720815,,,,,,,1,
IRG4RC10KD,600,4,TO-252AA,3.3,7,45,,150,480,,18.9884,1.33671,,,60.4154,1.12655,,0.83769,0.53572,0.67706,,,,0.472854,0.467945,0.480994,,26.1254,1.396185,,,23.0136,1.294895,,1.0902,0.534504,0.572076,,,,0.699049,0.411168,0.401309,1,
IRG4IBC10UD,600,4,TO-220 FullPak,5,7,0.5,,150,480,,99.5767,0.4582,,,30.04528,1.28897,,0.73579,0.6177,0.60788,,,,0.46743,0.461518,0.482314,,75.3395,0.452588,,,14.5545,1.282993,,1.027039,0.51383,0.511664,,,,0.683703,0.414352,0.405175,1,
IRG4BC10UD,600,4,TO-220AB,3.3,7,2,,150,480,,105.2965,0.45102,,,29.99877,1.25528,,0.74625,0.59044,0.5825,,,,0.485117,0.460031,0.482563,,72.5304,0.465387,,,14.4205,1.250915,,1.005675,0.518524,0.493803,,,,0.729999,0.411668,0.378805,1,
IRG4BC10KD,600,4,TO-220AB,3.3,7,2,,150,480,,19.8047,1.31664,,,59.2846,1.15059,,0.79738,0.57165,0.69773,,,,0.477805,0.486423,0.499271,,25.8554,1.364275,,,23.3558,1.251962,,1.027873,0.505407,0.532769,,,,0.68223,0.404997,0.399847,1,
IRG4RC10UD,600,5,TO-252AA,3.3,7,45,,150,480,,100.6367,0.46141,,,30.42932,1.3167,,0.7808,0.5882,0.60522,,,,0.490509,0.478542,0.467846,,73.9348,0.447849,,,14.0622,1.297626,,0.95706,0.532054,0.509131,,,,0.70013,0.416293,0.4085,1,
IRG4RC10SD,600,5,TO-252AA,3.3,7,45,,150,480,,67.3765,0.76953,,,245.67092,1.24356,,0.58721,0.26399,0.66254,,,,0.479717,0.467776,0.477681,,62.4241,0.70467,,,180.8602,1.306955,,0.799721,0.208259,0.639484,,,,0.685768,0.407491,0.407785,1,
IRG4BC10SD,600,5,TO-220AB,3.3,7,2,,150,480,,72.5145,0.7864,,,252.37607,1.30721,,0.57885,0.26126,0.69546,,,,0.494319,0.485525,0.501184,,62.4627,0.69891,,,173.8339,1.308843,,0.775392,0.205097,0.632676,,,,0.735349,0.398722,0.403232,1,
IRG4BC10SD-S,600,5,TO-263AB,3.3,7,35,,150,480,,72.1906,0.76356,,,236.49063,1.30205,,0.58181,0.25815,0.65646,,,,0.485734,0.456041,0.496627,,64.0919,0.697522,,,175.1844,1.312204,,0.795077,0.204474,0.636814,,,,0.695518,0.404578,0.40708,1,
IRG4BC15UD,600,6,TO-220AB,2.7,7,2,,150,480,,103.0412,0.54773,,,31.79692,1.2531,,0.73458,0.43782,0.61998,,,,0.478385,0.458581,0.48045,,90.5518,0.483677,,,11.6727,1.442125,,0.971675,0.382169,0.492852,,,,0.720672,0.422687,0.382589,1,
IRG4BC15UD-S,600,6,TO-263AB,2.7,7,35,,150,480,,101.418,0.55409,,,32.50007,1.28653,,0.77611,0.45015,0.58422,,,,0.481464,0.455495,0.481935,,84.3782,0.507954,,,10.9803,1.458436,,1.01248,0.399055,0.506167,,,,0.702702,0.407951,0.400842,1,
IRG4BC15MD,600,7,TO-220AB,2.7,7,2,,150,480,,78.4544,0.71129,,,207.66005,1.18883,,0.57947,0.40185,0.65334,,,,0.464025,0.480233,0.471637,,70.8198,0.713387,,,94.139,1.385954,,0.792445,0.356911,0.543808,,,,0.734113,0.407819,0.382136,1,
IRG4IBC20UD,600,7,TO-220 FullPak,3.7,3.5,0.5,,150,480,,71.3333,0.53927,,,24.59179,1.28943,,0.77422,0.36607,0.60908,,,,0.492479,0.299443,0.502769,,63.1215,0.504494,,,7.3841,1.450224,,1.019501,0.357752,0.5094,,,,0.72166,0.288905,0.381363,1,
IRG4BC20UD,600,7,TO-220AB,2.1,3.5,2,,150,480,,73.8831,0.5767,,,23.93834,1.25247,,0.76464,0.3772,0.60528,,,,0.465084,0.308591,0.482411,,64.4686,0.520224,,,7.6569,1.521366,,1.009756,0.350668,0.478994,,,,0.719129,0.296207,0.404158,1,
IRG4BC20UD-S,600,7,TO-263AB,2.1,3.5,35,,150,480,,69.3233,0.56642,,,23.61519,1.2279,,0.75746,0.37751,0.58504,,,,0.494076,0.309636,0.496246,,60.8109,0.484937,,,7.739,1.481981,,1.000081,0.346224,0.480884,,,,0.722992,0.285155,0.382162,1,
IRG4IBC20KD,600,8,TO-220 FullPak,3.7,3.5,0.5,,150,480,,64.5922,0.71426,,,36.16062,1.1527,,0.70069,0.38563,0.65184,,,,0.491061,0.304185,0.490818,,61.8513,0.69604,,,12.1571,1.374124,,1.023857,0.380607,0.53742,,,,0.709523,0.287987,0.409889,1,
IRG4IBC20FD,600,8,TO-220 FullPak,3.7,3.5,0.5,,150,480,,69.7035,0.58192,,,86.70009,1.19526,,0.66011,0.25569,0.64409,,,,0.476964,0.301002,0.475782,,60.4007,0.576233,,,20.4395,1.546589,,0.831232,0.227991,0.559014,,,,0.683544,0.295852,0.409411,1,
IRG4BC20KD,600,8,TO-220AB,2.1,3.5,2,,150,480,,61.6385,0.75199,,,37.47505,1.23794,,0.73729,0.39391,0.66259,,,,0.480127,0.298614,0.484192,,66.0998,0.686835,,,11.8354,1.367468,,0.975805,0.386349,0.531472,,,,0.710926,0.291752,0.386385,1,
IRG4BC20KD-S,600,8,TO-263AB,2.1,3.5,35,,150,480,,63.6822,0.7051,,,37.77181,1.18172,,0.74969,0.41157,0.62841,,,,0.487391,0.306518,0.501526,,65.9435,0.699589,,,11.42,1.39112,,0.95434,0.400771,0.543485,,,,0.708202,0.284074,0.384561,1,
IRG4BC20FD,600,8,TO-220AB,2.1,3.5,2,,150,480,,67.0402,0.57038,,,87.59264,1.11524,,0.61588,0.26536,0.64745,,,,0.482554,0.302708,0.467451,,60.9255,0.566926,,,21.4358,1.607371,,0.880332,0.217988,0.551736,,,,0.716665,0.27777,0.388523,1,
IRG4BC20SD,600,9,TO-220AB,2.1,3.5,2,,150,480,,74.384,0.63295,,,179.63716,1.2697,,0.57249,0.18041,0.66508,,,,0.4884,0.288623,0.470279,,78.343,0.609247,,,113.8949,1.239732,,0.79063,0.144323,0.665606,,,,0.693995,0.29398,0.39458,1,
IRG4BC20SD-S,600,9,TO-263AB,2.1,3.5,35,,150,480,,70.014,0.6191,,,185.99565,1.27841,,0.58542,0.18393,0.66436,,,,0.458007,0.288167,0.484835,,72.9637,0.595903,,,111.0224,1.277562,,0.783146,0.136601,0.647848,,,,0.697748,0.285466,0.382977,1,
IRG4BC20MD,600,9,TO-220AB,2.1,3.5,2,,150,480,,86.3512,0.61068,,,206.90845,1.17904,,0.6937,0.28625,0.67257,,,,0.493578,0.29811,0.476507,,98.0337,0.541692,,,47.139,1.526203,,0.929758,0.235475,0.590111,,,,0.719199,0.293571,0.401359,1,
IRG4BC20MD-S,600,9,TO-263AB,2.1,3.5,35,,150,480,,88.8494,0.59576,,,199.20968,1.13264,,0.70734,0.29972,0.66705,,,,0.458097,0.287623,0.499689,,96.8149,0.581273,,,47.7606,1.562124,,0.914665,0.234924,0.596599,,,,0.723051,0.279943,0.387599,1,
IRG4IBC20W,600,6,TO-220 FullPak,3.7,,0.5,,150,480,,100.5678,0.44364,,,8.02879,1.43993,,0.83435,0.41885,0.56545,,,,,,,,98.0319,0.411316,,,5.1043,1.430084,,1.195248,0.428951,0.467056,,,,,,,1,
IRG4PC20U,600,6.5,TO-247AC,2.1,,1,,150,480,,71.3706,0.53492,,,24.73451,1.25412,,0.73801,0.36676,0.58139,,,,,,,,64.3996,0.507494,,,7.7994,1.473898,,0.957882,0.330454,0.489889,,,,,,,1,
IRG4BC20W,600,6.5,TO-220AB,2.1,,2,,150,480,,104.0409,0.46629,,,8.02926,1.41154,,0.81059,0.40716,0.58653,,,,,,,,97.7821,0.433336,,,5.1593,1.420969,,1.176014,0.412899,0.445654,,,,,,,1,
IRG4BC20F,600,8,TO-220AB,2.1,,2,,150,480,,67.5871,0.59521,,,91.19995,1.10552,,0.64364,0.2547,0.66699,,,,,,,,62.151,0.544136,,,20.9876,1.595198,,0.823603,0.224906,0.588406,,,,,,,1,
IRG4RC20F,600,12,TO-252AA,2.1,,45,,150,480,,65.3282,0.5726,,,92.11544,1.1629,,0.62579,0.25602,0.64807,,,,,,,,64.1325,0.577713,,,21.2541,1.612635,,0.824905,0.222173,0.575065,,,,,,,1,
IRG4PC30KD,600,13,TO-247AC,1.2,2.5,1,,150,480,,55.871,0.86092,,,35.30556,1.24478,,0.73638,0.26465,0.64612,,,,0.439133,0.179774,0.553826,,44.2545,0.95784,,,7.7354,1.568312,,0.990034,0.267734,0.556369,,,,0.695842,0.171724,0.507915,1,
IRG4IBC30KD,600,13,TO-220 FullPak,2.8,2.5,0.5,,150,480,,55.5432,0.86079,,,35.09279,1.22457,,0.72772,0.26438,0.66261,,,,0.422937,0.180074,0.580318,,44.8378,0.90646,,,7.9248,1.568716,,0.981212,0.286507,0.534229,,,,0.69659,0.168163,0.489326,1,
IRG4BC30KD,600,13,TO-220AB,1.2,2.5,2,,150,480,,58.1688,0.87445,,,36.60073,1.16379,,0.69492,0.26625,0.6441,,,,0.444044,0.178896,0.578784,,45.2641,0.901261,,,7.8981,1.536144,,0.953322,0.278708,0.522251,,,,0.663889,0.169911,0.502555,1,
IRG4BC30KD-S,600,13,TO-263AB,1.2,2.5,35,,150,480,,55.9318,0.90407,,,36.39369,1.15674,,0.74269,0.26282,0.6659,,,,0.450086,0.17292,0.585576,,46.1832,0.965247,,,8.2362,1.46139,,1.015698,0.274228,0.519948,,,,0.707959,0.177148,0.500277,1,
IRG4PC30UD,600,14,TO-247AC,1.2,2.5,1,,150,480,,56.1228,0.78975,,,26.04473,1.19232,,0.72771,0.27312,0.61804,,,,0.423419,0.175213,0.576373,,51.5311,0.770266,,,14.3467,1.068629,,0.968871,0.267616,0.544217,,,,0.702127,0.171019,0.476499,1,
IRG4IBC30UD,600,14,TO-220 FullPak,2.8,2.5,0.5,,150,480,,58.2792,0.77882,,,27.46062,1.27408,,0.73637,0.27578,0.61242,,,,0.43718,0.168304,0.553289,,51.4768,0.77408,,,14.5499,1.0696,,1.00119,0.285963,0.519358,,,,0.698592,0.17157,0.507723,1,
IRG4BC30UD,600,14,TO-220AB,1.2,2.5,2,,150,480,,55.9167,0.80459,,,26.74646,1.27938,,0.74868,0.27738,0.63451,,,,0.457922,0.174584,0.545172,,52.3469,0.79887,,,14.1925,1.051543,,0.958677,0.289982,0.528697,,,,0.708713,0.173073,0.491432,1,
IRG4PC30FD,600,16,TO-247AC,1.2,2.5,1,,150,480,,50.3135,0.74172,,,104.44495,1.10742,,0.61795,0.16076,0.65768,,,,0.437319,0.177458,0.583194,,40.1206,0.732718,,,20.5615,1.464077,,0.804846,0.135257,0.561792,,,,0.688103,0.17709,0.494166,1,
IRG4IBC30FD,600,16,TO-220 FullPak,2.8,2.5,0.5,,150,480,,53.8263,0.76603,,,105.66231,1.10057,,0.64695,0.16158,0.65272,,,,0.437677,0.169484,0.571725,,40.329,0.759042,,,21.3256,1.429224,,0.809615,0.141096,0.610141,,,,0.676935,0.178106,0.481324,1,
IRG4BC30FD,600,16,TO-220AB,1.2,2.5,2,,150,480,,50.4474,0.77025,,,99.00067,1.15856,,0.59933,0.16205,0.64832,,,,0.431266,0.168572,0.585693,,42.8477,0.787656,,,21.7599,1.447791,,0.869232,0.144463,0.585976,,,,0.678031,0.166317,0.503019,1,
IRG4BC30FD-S,600,16,TO-263AB,1.2,2.5,35,,150,480,,53.755,0.73732,,,103.21909,1.08733,,0.64113,0.16848,0.67443,,,,0.431676,0.176697,0.56016,,39.6637,0.761508,,,22.219,1.457335,,0.806247,0.142565,0.59895,,,,0.684658,0.173582,0.485529,1,
IRG4PC30W,600,12,TO-247AC,1.2,,1,,150,480,,85.7699,0.605,,,5.0064,1.25724,,0.76438,0.27821,0.56365,,,,,,,,89.2425,0.580687,,,2.8045,1.402243,,1.223209,0.315561,0.442837,,,,,,,1,
IRG4IBC30W,600,12,TO-220 FullPak,2.8,,0.5,,150,480,,86.8084,0.59958,,,5.02176,1.35291,,0.78853,0.27505,0.55382,,,,,,,,93.3542,0.568845,,,2.7349,1.421283,,1.197883,0.328658,0.455257,,,,,,,1,
IRG4BC30W,600,12,TO-220AB,1.2,,2,,150,480,,89.8147,0.59998,,,5.24888,1.35213,,0.78693,0.28852,0.59133,,,,,,,,91.7035,0.582135,,,2.7665,1.454718,,1.224118,0.318555,0.461549,,,,,,,1,
IRG4BC30S,600,18,TO-220AB,1.2,,2,,150,480,,78.0287,0.80844,,,125.77407,1.36597,,0.56222,0.11392,0.71467,,,,,,,,53.473,0.808727,,,90.2193,1.202793,,0.794784,0.088608,0.670586,,,,,,,1,
IRG4BC30S-S,600,18,TO-263AB,1.2,,35,,150,480,,82.3462,0.85897,,,123.14442,1.30528,,0.57088,0.11806,0.67061,,,,,,,,52.7689,0.767755,,,91.7224,1.261375,,0.79091,0.09148,0.658343,,,,,,,1,
IRG4PC40UD,600,20,TO-247AC,0.77,1.7,1,,150,480,,24.2543,1.14166,,,16.5947,1.34065,,0.69272,0.14828,0.628,,,,0.524322,0.147382,0.552123,,22.2458,1.103888,,,4.6673,1.475393,,0.939446,0.154943,0.538852,,,,0.770799,0.125011,0.502718,1,
IRG4PC40KD,600,25,TO-247AC,0.77,1.7,1,,150,480,,31.7543,1.04343,,,29.78367,1.16564,,0.72125,0.18211,0.63407,,,,0.562639,0.151208,0.551663,,22.885,1.16923,,,2.5862,1.634315,,0.980384,0.206616,0.5273,,,,0.827426,0.125285,0.529557,1,
IRG4PC40FD,600,25,TO-247AC,0.77,1.7,1,,150,480,,32.7997,1.0791,,,62.2025,1.20315,,0.5947,0.1072,0.66806,,,,0.537314,0.153494,0.578459,,27.296,1.073095,,,20.883,1.376655,,0.838451,0.087025,0.595111,,,,0.790159,0.134828,0.531602,1,
IRG4PC40W,600,20,TO-247AC,0.77,,1,,150,480,,5.2554,1.39582,,,26.80286,0.95667,,0.7623,0.18769,0.58042,,,,,,,,3.2844,1.482065,,,3.7859,1.457013,,1.098021,0.226209,0.491072,,,,,,,1,
IRG4BC40W,600,20,TO-220AB,0.77,,2,,150,480,,5.358,1.43586,,,26.73921,1.01878,,0.71714,0.18155,0.5977,,,,,,,,3.234,1.422902,,,3.7666,1.497945,,1.093871,0.231508,0.490018,,,,,,,1,
IRG4PC40S,600,31,TO-247AC,0.77,,1,,150,480,,30.2223,0.96242,,,193.97346,1.1344,,0.55893,0.07117,0.69699,,,,,,,,22.3437,1.028053,,,86.113,1.273987,,0.739398,0.051693,0.673935,,,,,,,1,
IRG4PC50UD,600,40,TO-247AC,0.64,0.83,1,,150,480,,10.6347,1.32725,,,13.3561,1.21721,,0.7365,0.10549,0.66946,,,,0.486586,0.122259,0.491707,,8.2248,1.315553,,,4.7804,1.459815,,0.904277,0.112351,0.563827,,,,0.720806,0.132132,0.40348,1,
IRG4PC50KD,600,40,TO-247AC,0.64,0.83,1,,150,480,,16.1127,1.27896,,,23.76863,1.22482,,0.70416,0.10759,0.66638,,,,0.477612,0.117422,0.471264,,14.7455,1.323736,,,12.1732,1.182663,,0.952459,0.120224,0.590182,,,,0.728989,0.137059,0.403511,1,
IRG4PC50FD,600,46,TO-247AC,0.64,0.83,1,,150,480,,11.7797,1.25489,,,40.20867,1.23864,,0.62444,0.0719,0.6977,,,,0.493701,0.119165,0.494158,,10.4063,1.349344,,,9.5926,1.438816,,0.842463,0.067133,0.616214,,,,0.734406,0.140147,0.401139,1,
IRG4PC50SD,600,50,TO-247AC,0.64,0.83,1,,150,480,,6.8169,1.35364,,,194.101,1.18573,,0.54607,0.04706,0.75265,,,,0.488765,0.11692,0.500831,,7.0186,1.227995,,,132.4091,1.121103,,0.774245,0.036801,0.712329,,,,0.736569,0.133576,0.40577,1,
IRG4PC50W,600,27,TO-247AC,0.64,,1,,150,480,,4.6389,1.39324,,,32.30425,1.01566,,0.77652,0.12528,0.61336,,,,,,,,44.0289,0.676947,,,2.0146,1.496547,,1.103632,0.165864,0.468344,,,,,,,1,
IRG4PC60U,600,40,TO-247AC,0.24,,1,,150,480,,4.4233,1.27566,,,20.95474,1.2184,,0.73772,0.07847,0.6628,,,,,,,,2.9357,1.393035,,,4.9711,1.407664,,0.979376,0.09169,0.553784,,,,,,,1,
IRG4PC60F,600,60,TO-247AC,0.24,,1,,150,480,,4.2741,1.31364,,,53.83265,1.1586,,0.64741,0.055,0.71309,,,,,,,,3.0117,1.296151,,,10.093,1.453611,,0.85019,0.051361,0.622909,,,,,,,1,
IRG4PSC71UD,600,60,TO-274AA,0.36,0.69,1,,150,480,,2.0655,1.76712,,,29.18989,1.12523,,0.67951,0.0661,0.68489,,,,0.473162,0.088875,0.495653,,1.0453,1.805326,,,0.5313,2.051653,,0.885973,0.074373,0.595535,,,,0.723923,0.107772,0.398282,1,
IRG4PSC71KD,600,60,TO-274AA,0.36,0.69,1,,150,480,,2.1197,1.67839,,,32.96207,1.17387,,0.70979,0.07012,0.66977,,,,0.48236,0.090214,0.484492,,1.2108,1.75314,,,1.0208,1.908835,,0.927771,0.085061,0.601651,,,,0.714402,0.104595,0.407692,1,
IRG4PF50WD,900,28,TO-247AC,0.64,0.83,1,,150,720,,2.5344,1.83024,,,55.20069,1.12399,,0.92788,0.15473,0.60979,,98.79931867,0.689306794,0.506351,0.354326,0.600845,,1.7835,1.852336,,,8.1181,1.521296,,1.221365,0.203971,0.47515,,42.449433,0.713515,0.741331,0.36268,0.598146,1,
IRG4PH30KD,1200,10,TO-247AC,1.2,2.5,1,,150,800,,210.3688,0.73311,,,141.52483,1.23475,,1.27254,0.39504,0.61127,,,,0.452303,0.940037,0.507903,,204.1262,0.645513,,,42.483,1.380999,,1.566564,0.501425,0.469571,,,,0.702614,0.942828,0.472956,1,
IRG4PH20KD,1200,5,TO-247AC,2.1,2.8,1,,150,800,,66.2543,1.51325,,,113.29236,1.1485,,1.31159,0.60191,0.63115,,,,,,,,45.0987,1.527553,,,36.0146,1.301169,,1.617703,0.697415,0.472792,,,,,,,1,
IRG4PH40UD2,1200,15,TO-247AD,0.77,2.5,1,,150,800,,71.2868,1.12562,,,128.76187,1.10946,,0.99399,0.22495,0.64718,,,,0.465538,0.905402,0.483103,,77.2431,1.068335,,,28.066,1.317958,,1.275367,0.263264,0.483978,,,,0.699422,0.951514,0.476716,1,
IRG4PH40KD,1200,15,TO-247AC,0.77,2.5,1,,150,800,,71.643,1.16541,,,150.35536,1.22126,,1.21954,0.27727,0.61015,,,,0.46325,0.879001,0.517412,,58.0646,1.109639,,,25.3221,1.489059,,1.657131,0.316248,0.463772,,,,0.698146,0.931294,0.473127,1,
IRG4PH40UD,1200,15,TO-247AC,0.77,1.7,1,,150,800,784.761,70.0385,1.11695,,,125.61522,1.12323,,1.00011,0.22571,0.65046,,,,0.474539,0.706172,0.497531,749.7079,79.1567,1.098792,,,27.2757,1.337957,,1.302363,0.282127,0.457806,,,,0.727143,0.717698,0.473949,1,
IRG4PH50KD,1200,24,TO-247AC,0.64,0.83,1,,150,800,,95.7299,1.18072,,,60.7662,1.3549,,1.14746,0.19969,0.60927,,94.06597878,0.716625218,0.540461,0.332555,0.608858,,84.5525,1.113284,,,11.0435,1.576879,,1.432713,0.252646,0.536758,,41.32629,0.710149,0.724673,0.365349,0.57675,1,
IRG4PH50UD,1200,25,TO-247AC,0.64,0.83,1,,150,800,,40.5967,1.1747,,,63.0599,1.23366,,1.10948,0.19308,0.60795,,94.22666653,0.726853382,0.520754,0.351139,0.593355,,33.9808,1.177264,,,9.8179,1.603385,,1.511994,0.263313,0.497083,,43.011955,0.715188,0.749282,0.348472,0.59465,1,
IRG4PH50S,1200,33,TO-247AC,0.64,,1,,150,960,,20.6964,1.31714,,,550.75145,1.14015,,0.66892,0.08123,0.66849,,,,,,,,18.2055,1.291396,,,224.3469,1.324842,,0.772272,0.083502,0.60048,,,,,,,1,
IRG4PSH71KD,1200,42,TO-274AA,0.36,0.69,1,,150,800,,82.8913,1.19734,,,41.83093,1.39811,,1.27505,0.09333,0.69464,,,,0.536934,0.209056,0.598277,,81.0243,1.130435,,,7.7618,1.618527,,1.744746,0.112453,0.595147,,,,0.744791,0.183271,0.642058,1,
IRG4PSH71UD,1200,50,TO-274AA,0.36,0.69,1,,150,960,,19.7239,1.38663,,,31.24734,1.53023,,1.06288,0.08449,0.7041,,,,0.524353,0.210828,0.579426,,24.3749,1.311053,,,49.57,1.226459,,1.324854,0.112435,0.535833,,,,0.734529,0.175498,0.630543,1,
IRGR2B60KD,600,2,TO-252AA,3.6,7.7,45,,150,400,15.2056,49.7904,1.06745,,15.1592,27.1446,1.03439,,0.46736,1.21217,0.58165,,14.142,0.5968092,0.517263,0.413333,0.475288,9.7572,38.4355,0.788136,,9.8977,14.4825,1.1116,,0.636063,0.812292,0.619862,,4.476051,0.633871,0.698892,0.439626,0.369702,1,
IRGR3B60KD2,600,3,TO-252AA,2.4,8.8,45,,150,400,,51.819,0.81607,,,27.09571,0.86115,,0.40484,0.99648,0.51197,,,,0.47376,0.660608,0.4147,,35.8446,0.902115,,,13.8953,1.023465,,0.601212,0.673711,0.544317,,,,0.728948,0.508363,0.373015,1,
IRGS4B60KD1,600,4,TO-263AB,2.4,6.1,35,,150,400,10.3985,18.0708,1.40872,,3.3513,18.2799,1.11589,,0.53325,0.86111,0.54617,,27.7619,0.7123592,0.496968,0.30861,0.567739,4.0997,13.393,1.215221,,2.0777,10.2817,1.175336,,0.665812,0.580635,0.598973,,13.131055,0.702972,0.672742,0.345309,0.488088,1,
IRGS6B60KD,600,6,TO-263AB,1.4,4.4,35,,150,400,,51.4874,0.85115,,,45.21705,0.87628,,0.40048,0.77119,0.54315,,,,0.476952,0.349096,0.425297,,33.6849,0.938689,,,21.29,1.015852,,0.595523,0.464651,0.587107,,,,0.711631,0.248428,0.452234,1,
IRGIB6B60KD,600,6,TO-220 FullPak,3.9,4.4,0.5,,175,400,,54.4433,0.83724,,,52.69403,0.84993,,0.36624,0.7999,0.55026,,,,0.441904,0.378633,0.420572,,35.344,0.919559,,,21.1105,1.002528,,0.62845,0.477146,0.600848,,,,0.690203,0.257469,0.423691,1,
IRGB6B60KD,600,6,TO-220AB,1.4,4.4,2,,150,400,,51.5345,0.85244,,,45.70283,0.86181,,0.40115,0.75066,0.56437,,,,0.481814,0.365468,0.42332,,35.4563,0.891626,,,21.4845,0.948103,,0.629831,0.46064,0.573192,,,,0.684897,0.242219,0.450689,1,
IRGS6B60K,600,6,TO-263AB,1.4,,35,,150,400,,50.0888,0.81977,,,48.08634,0.85997,,0.40542,0.75849,0.54571,,,,,,,,35.8299,0.960099,,,22.2478,1.025579,,0.632293,0.447671,0.586357,,,,,,,1,
IRGIB7B60KD,600,7,TO-220 FullPak,3.8,4.4,0.5,,175,400,,55.737,0.84867,,,49.4192,0.89692,,0.4017,0.62335,0.54367,,,,0.425515,0.372091,0.413778,,35.6676,0.917628,,,24.7377,1.026287,,0.631259,0.37314,0.571974,,,,0.685037,0.259993,0.430841,1,
IRGS8B60K,600,8,TO-263AB,0.9,,35,,175,400,,57.6698,0.83147,,,49.29546,0.83309,,0.39815,0.57987,0.5448,,,,,,,,37.1374,0.906176,,,24.4665,1.003024,,0.621188,0.376201,0.611551,,,,,,,1,
IRGB8B60K,600,19,TO-220AB,0.9,,2,,175,400,,55.65,0.82626,,,49.68707,0.84196,,0.3992,0.59694,0.55625,,,,,,,,37.0322,0.917164,,,25.5284,0.981673,,0.608718,0.356732,0.570964,,,,,,,1,
IRGS10B60KD,600,10,TO-263AB,0.8,3.4,35,,150,400,59.1743,25.4341,1.14279,,48.0915,17.48097,1.28495,,0.40136,0.46462,0.54292,,74.81518,0.50650679,0.487534,0.286022,0.453101,41.2522,13.7948,1.354262,,30.0153,6.9002,1.434201,,0.604038,0.283068,0.581159,,37.100867,0.484457,0.729643,0.226448,0.44746,1,
IRGB10B60KD,600,10,TO-220AB,0.8,3.4,2,,150,400,61.4837,25.2169,1.18493,,49.2722,16.70874,1.3024,,0.40683,0.43627,0.54113,,77.30286,0.49070949,0.469355,0.276515,0.432201,41.3127,14.2759,1.33863,,29.9965,7.1114,1.439587,,0.633133,0.282433,0.610031,,39.183711,0.4972,0.716081,0.215874,0.452876,1,
IRGIB10B60KD1,600,10,TO-220 FullPak,3.4,3.66,0.5,,175,400,,72.4851,0.78477,,,55.0107,0.83285,,0.376,0.51458,0.54912,,82.4893,0.400214,0.484758,0.296814,0.586712,,42.3807,0.891257,,,25.527,0.962178,,0.588014,0.301289,0.577035,,22.87196,0.383261,0.695609,0.566789,0.348888,1,
IRGIB15B60KD1,600,15,TO-220 FullPak,2.9,2,0.5,,175,400,,48.4725,0.82075,,,32.8285,0.82675,,0.40469,0.19399,0.51444,,79.4975,0.4485589,0.325205,0.303369,0.463244,,26.1225,0.939657,,,15.3509,1.006498,,0.67237,0.112532,0.55734,,29.396206,0.467241,0.60289,0.554065,0.358255,1,
IRGS15B60KD,600,15,TO-263AB,0.6,2.1,35,,150,400,80.1056,16.6576,1.40776,,78.6123,18.57839,1.14416,,0.41804,0.37287,0.5609,,80.33847,0.70258693,0.471442,0.183357,0.478308,51.9916,10.6978,1.416842,,34.0772,9.8343,1.230542,,0.594816,0.248521,0.61283,,38.966872,0.716209,0.708779,0.147696,0.46019,1,
IRGB15B60KD,600,15,TO-220AB,0.6,2.1,2,,150,400,77.6165,16.243,1.39863,,79.8883,18.11603,1.2013,,0.41262,0.36346,0.55279,,81.36511,0.73567822,0.502613,0.19176,0.469568,51.483,10.8765,1.376445,,33.9081,9.4604,1.27168,,0.584677,0.230889,0.592897,,39.677267,0.71396,0.698778,0.143578,0.447189,1,
IRGB20B60PD1,600,20,TO-220AB,0.58,5,2,,150,390,,17.6391,1.0817,,,31.67076,0.6015,,0.53434,0.40595,0.57742,,,,0.47826,0.450768,0.496714,,11.1632,1.067891,,,10.0798,0.867064,,0.780891,0.350976,0.509105,,,,0.728704,0.403098,0.407561,1,
IRGP20B60PD,600,20,TO-247AC,0.58,2.5,1,,150,390,,17.97,1.08088,,,33.02336,0.60673,,0.48845,0.4541,0.64738,,,,0.440824,0.182414,0.551065,,10.9006,0.99833,,,9.9448,0.828865,,0.602528,0.270135,0.656642,,,,0.701201,0.171725,0.48958,1,
IRGP30B60KD,600,30,TO-247AC,0.41,1.32,1,,150,400,100.9473,15.7888,1.3131,,207.5176,14.6408,1.13438,,0.42995,0.25367,0.61194,,87.2878,0.6663349,0.44527,0.145502,0.504854,72.7379,8.597,1.427404,,71.5214,9.4606,1.108255,,0.647016,0.167825,0.594794,,6.69106,0.674703,0.670163,0.143756,0.466793,1,
IRGP35B60PD,600,35,TO-247AC,0.41,1.7,1,,150,390,,22.1875,1.10563,,,44.46453,0.57808,,0.46668,0.29458,0.60955,,,,0.563208,0.142856,0.550209,,14.1166,1.073322,,,12.413,0.839805,,0.632368,0.177053,0.59675,,,,0.825017,0.12804,0.509984,1,
IRGP50B60PD1,600,50,TO-247AC,0.34,1.7,1,,150,390,,16.3001,1.04099,,,52.83843,0.56763,,0.45667,0.25742,0.62822,,,,0.5631,0.146107,0.575048,,9.1382,1.057804,,,13.3524,0.857878,,0.612218,0.162876,0.592474,,,,0.817765,0.127389,0.499832,1,
IRGP30B120KD-E,1200,25,TO-247AD,0.42,0.83,1,,150,600,,38.2047,1.17564,,,99.9516,1.00264,,0.95796,0.17414,0.71765,,47.2309,0.9968899,0.504784,0.217018,0.587245,,23.3822,1.148105,,,66.8455,0.942151,,1.520362,0.032229,1.019347,,18.259177,1.036407,0.705375,0.209664,0.547949,1,
IRGPS40B120UD,1200,40,TO-274AA,0.2,0.83,1,,150,600,,40.734,1.09597,,,26.41897,1.21027,,1.06535,0.33144,0.56824,,48.417484,0.987265401,0.476119,0.215595,0.579019,,26.3209,1.116497,,,17.0015,1.268945,,1.50236,0.075439,0.84963,,17.617813,1.052967,0.747233,0.207059,0.520235,1,
IRGPS60B120KD,1200,60,TO-274AA,0.2,0.41,1,,150,600,,51.0158,1.21311,,,166.19169,0.9442,,0.96438,0.10727,0.73757,,,,0.514617,0.162959,0.551673,,31.0572,1.156278,,,98.2744,1.000958,,1.534509,0.01563,0.965613,,,,0.720564,0.126973,0.539246,1,
IRGP4072D,300,40,TO-247AC,0.7,0.87,1,,150,240,,30.1763,0.91208,,,11.54865,1.17575,,0.47765,0.10847,0.60985,,81.21006059,0.63970326,0.394271,0.173509,0.505934,,8.0846,1.040492,,,26.3336,1.061816,,0.671188,0.144148,0.441798,,43.288445,0.628426,0.64136,0.314323,0.419319,1,
IRGB4059D,600,4,TO-220AB,2.7,6.3,2,,175,400,,34.217,0.72618,,,41.81324,0.65819,,0.62398,0.57189,0.77228,,43.23099847,0.644511998,0.527234,0.352627,0.528246,,16.0907,0.786746,,,26.2347,0.670505,,0.571455,0.487726,0.568272,,33.187511,0.549296,0.724547,0.502371,0.345348,1,
IRGS4045D,600,6,TO-263AB,1.9,6.3,35,,175,400,20.0488,32.2246,1.11982,,11.9198,19.87428,1.00036,,0.60618,0.3785,0.79986,,57.21670066,0.619894462,0.529688,0.351747,0.545435,9.832,15.8852,1.206579,,7.8382,9.4872,1.01359,,0.601373,0.387919,0.588938,,28.710733,0.6053,0.691079,0.511072,0.341575,1,
IRGI4045D,600,6,TO-220 FullPak,3.76,9,0.5,,175,400,20.4518,26.8678,1.18376,,11.8179,17.01941,1.11138,,0.60739,0.38056,0.78047,,60.17072546,0.581627433,0.505859,0.338662,0.519241,9.7982,15.9448,1.201821,,8.2329,9.9096,1.033771,,0.575611,0.376304,0.593176,,29.260837,0.613381,0.691082,0.526583,0.337208,1,
IRGB4045D,600,6,TO-220AB,1.94,6.3,2,,175,400,20.7369,30.5918,1.03623,,12.4167,19.6923,1.04945,,0.61753,0.38685,0.80504,,57.9047409,0.62395323,0.507295,0.341537,0.554023,10.1044,16.3984,1.191732,,7.8867,9.8391,1.023785,,0.60635,0.39094,0.565977,,29.577411,0.627703,0.683278,0.500683,0.341602,1,
IRGI4060D,600,8,TO-220 FullPak,3.4,3.66,0.5,,150,400,,38.4904,0.74299,,,52.85326,0.64113,,0.5312,0.25934,0.57214,,69.4311424,0.402098015,0.527825,0.340016,0.514444,,18.8104,0.831584,,,33.6636,0.675204,,0.713215,0.514254,0.390858,,22.541063,0.380718,0.71096,0.564429,0.344793,1,
IRGB4060D,600,8,TO-220AB,1.51,3.66,2,,175,400,,43.388,0.74194,,,55.19217,0.68395,,0.6246,0.27765,0.76523,,78.32532491,0.38480573,0.478336,0.285073,0.554591,,18.6355,0.843665,,,35.1326,0.66277,,0.569826,0.287414,0.561905,,22.345361,0.378428,0.694768,0.558651,0.33459,1,
IRGS4064D,600,10,TO-263AB,1.49,3.66,35,,175,400,38.7678,17.427,1.19338,,29.6118,9.82108,1.30947,,0.4028,0.39643,0.6266,,82.70383977,0.380206525,0.46796,0.28943,0.542856,14.9507,5.9134,1.367919,,20.2782,8.6334,0.932869,,0.601848,0.311023,0.493098,,21.708344,0.406417,0.718855,0.569178,0.349875,1,
IRGB4064D,600,10,TO-220AB,1.49,3.66,2,,175,400,39.6311,18.4125,1.2009,,30.0373,9.59564,1.25018,,0.41415,0.3968,0.59694,,83.28767364,0.406111527,0.468851,0.289476,0.546391,15.0035,5.9192,1.35932,,20.6934,8.8707,0.910362,,0.600346,0.317434,0.505898,,21.784873,0.379207,0.701521,0.56511,0.358621,1,
IRGB4056D,600,12,TO-220AB,1.07,3.66,2,,175,400,,61.6949,0.70145,,,36.62011,0.85127,,0.34815,0.3959,0.59712,,81.48761565,0.37429887,0.497788,0.277513,0.576203,,20.8923,0.863595,,,17.9127,0.834046,,0.606315,0.23167,0.559388,,22.458229,0.406526,0.71789,0.587438,0.355268,1,
IRGS4056D,600,12,TO-263AB,1.07,2,35,,175,400,,63.2808,0.75261,,,38.64065,0.81554,,0.35254,0.36536,0.58719,,82.2003236,0.464728477,0.310543,0.31297,0.433494,,21.0049,0.854827,,,18.077,0.788867,,0.594324,0.225873,0.567614,,29.362443,0.446166,0.634058,0.55669,0.336063,1,
IRGB4061D,600,18,TO-220AB,0.73,2,2,,175,400,,66.844,0.71832,,,38.45597,0.84568,,0.3391,0.34184,0.54586,,80.70798769,0.456915562,0.326632,0.316843,0.465881,,22.2166,0.9006,,,19.1545,0.826381,,0.608036,0.19778,0.592386,,28.999063,0.462797,0.601275,0.534524,0.346389,1,
IRGS4062D,600,24,TO-263AB,0.6,1.53,35,,175,400,,72.5546,0.70768,,,41.52762,0.81885,,0.34457,0.28686,0.55234,,81.38117218,0.455348337,0.377516,0.18519,0.532883,,23.4544,0.843485,,,21.0891,0.781271,,0.569871,0.162214,0.576985,,32.680272,0.375273,0.713561,0.299648,0.365454,1,
IRGP4062D,600,24,TO-247AC,0.65,1.53,1,,175,400,,74.5323,0.7271,,,43.79518,0.79059,,0.34878,0.27916,0.54098,,83.89690702,0.461481957,0.376847,0.192832,0.494693,,23.2835,0.840839,,,21.1857,0.837742,,0.613877,0.160471,0.546677,,31.216698,0.359078,0.681984,0.308361,0.377194,1,
IRGB4062D,600,24,TO-220AB,0.6,1.53,2,,175,400,,73.7235,0.7455,,,40.59834,0.82961,,0.36748,0.28684,0.57103,,78.8270931,0.463116107,0.383023,0.185783,0.526014,,24.0964,0.886711,,,19.7876,0.803348,,0.608731,0.153832,0.586144,,32.060503,0.382201,0.675556,0.292367,0.366804,1,
IRGP4640D,600,40,TO-247AC,0.6,1.62,1,,175,400,,72.8468,0.71635,,,40.8526,0.8312,,0.34351,0.26871,0.58351,,80.4,0.4303615,0.357121,0.183164,0.533472,,23.6075,0.891781,,,20.5058,0.834614,,0.588656,0.164778,0.559662,,30.548866,0.365935,0.674598,0.297013,0.376925,1,
IRGP4078D,600,50,TO-247AC,0.54,2.55,1,,150,400,,,,,57.5569,16.65,1.06663,,0.39525,0.21371,0.59906,,,,0.384542,0.142411,0.450235,,,,,30.7137,6.8015,1.211167,,0.648064,0.113843,0.60451,,,,0.591551,0.221737,0.327917,1,
IRGP4069D,600,35,TO-247AC,0.56,1,1,,175,400,,27.9848,1.03539,,,31.90053,0.98404,,0.33087,0.21326,0.59269,,645.682058,0.090190256,0.346097,0.170001,0.483821,,10.4575,0.984243,,,13.1336,1.097055,,0.614653,0.134991,0.571907,,398.847101,0.085421,0.644238,0.341365,0.363347,1,
IRGP4650D,600,50,TO-247AC,0.56,1,1,,175,400,,28.7628,0.96188,,,31.3523,0.94401,,0.33972,0.22255,0.55213,,653.4933,0.091732,0.342787,0.172444,0.496716,,10.0597,1.054134,,,13.2764,1.051775,,0.570081,0.134927,0.538361,,392.421295,0.088458,0.65888,0.351986,0.343042,1,
IRGP4068D,600,48,TO-247AC,0.45,2,1,,175,400,,70.9766,0.85281,,,62.38798,0.65801,,0.32928,0.15878,0.60259,,79.26363079,0.459540512,0.41766,0.126903,0.446411,,21.7552,0.97428,,,21.6703,0.878227,,0.602013,0.107587,0.597122,,27.472611,0.444662,0.718709,0.108253,0.477556,1,
IRGP4063D1,600,60,TO-247AC,0.45,2.4,1,,150,400,102.0901,6.8943,1.43809,,102.9043,10.6085,1.19969,,0.42701,0.16354,0.58787,,24.75324,0.53824103,0.524916,0.285592,0.506883,52.0483,3.1717,1.573108,,51.8405,5.1538,1.364132,,0.639948,0.110753,0.568589,,19.912741,0.155913,0.72564,0.576575,0.310794,1,
IRGP4063D,600,48,TO-247AC,0.45,1,1,,175,400,,70.9935,0.8234,,,62.15723,0.68807,,0.3349,0.16406,0.6007,,649.005856,0.087458425,0.330817,0.180551,0.497439,,20.4071,0.941185,,,20.5658,0.869453,,0.566083,0.103444,0.607474,,391.88373,0.090867,0.629185,0.366547,0.341438,1,
IRGP4660D,600,60,TO-247AC,0.45,0.92,1,,175,400,,69.6877,0.82151,,,59.1511,0.67285,,0.33799,0.1538,0.60936,,649.9584,0.0857077,0.349136,0.177296,0.49038,,20.8758,0.905525,,,21.5981,0.91329,,0.608268,0.088309,0.634991,,399.695102,0.087667,0.672751,0.365661,0.350802,1,
IRGP4066D,600,75,TO-247AC,0.33,1,1,,175,400,,40.7538,1.08382,,,175.2483,0.63445,,0.36279,0.12881,0.58908,,650.873281,0.091333597,0.332961,0.173521,0.487726,,11.3551,1.236327,,,58.5248,0.82006,,0.645751,0.04649,0.746792,,409.889839,0.091745,0.671833,0.363751,0.334681,1,
IRGPS4067D,600,120,TO-274AA,0.2,0.63,1,,175,400,,28.4667,1.18433,,,47.9163,0.93027,,0.37617,0.0828,0.63455,,137.5949068,0.24615806,0.41606,0.08052,0.625112,,4.4409,1.46571,,,9.9589,1.219239,,0.632187,0.046098,0.659932,,108.841125,0.248682,0.788781,0.173443,0.450168,1,
IRGP4262D,650,40,TO-247AC,0.6,1.6,1,,150,400,154.9343,22.5647,1.19628,,61.3002,11.025,1.14951,,0.42866,0.24826,0.56235,,40.7808,0.5386466,0.446016,0.196115,0.463324,51.3462,9.4397,1.171006,,30.5503,5.9356,1.077834,,0.654633,0.164083,0.556695,,22.635437,0.188886,0.711671,0.267407,0.392718,1,
IRGP4263D,650,54,TO-247AC,0.46,0.97,1,,150,400,185.9525,29.5376,1.15677,,87.6157,16.8211,1.0236,,0.43178,0.16014,0.60856,,43.5863,0.4538966,0.473956,0.130445,0.548279,63.3851,6.1464,1.435089,,50.4025,7.5847,1.203703,,0.645594,0.103923,0.622786,,85.259257,-0.319691,0.753986,0.217247,0.447111,1,
IRGP4266D,650,90,TO-247AC,0.33,1.1,1,,150,400,195.8944,22.4344,1.21529,,200.9295,7.9406,1.26375,,0.42664,0.11969,0.60505,,68.871,0.551379,0.473186,0.130267,0.551186,103.9809,4.5871,1.58083,,102.1535,1.8816,1.65137,,0.61381,0.077849,0.630809,,5.288804,0.865195,0.798553,0.208865,0.424298,1,
IRG7PH28UD1,1200,15,TO-247AC,1.09,1.35,1,,150,600,,,,,72.0986,47.9235,1.1062,,0.51553,0.44415,0.5551,,955.7824,0.8374426,0.503601,0.148726,0.419591,,,,,28.9013,20.3842,1.241322,,0.729874,0.299445,0.564936,,828.094278,0.786912,0.74527,0.10263,0.442766,1,
IRG7PH30K10D,1200,10,TO-247AC,0.7,1.44,1,,150,600,,103.4793,0.93531,,,69.64064,1.069,,0.55807,0.5044,0.63013,,279.4452709,0.37108767,0.498122,0.45923,0.571399,,54.4588,1.018047,,,75.1854,0.758941,,0.762053,0.348948,0.654254,,140.558403,0.381103,0.712096,0.433092,0.501407,1,
IRG7PH35UD1,1200,20,TO-247AC,0.7,1.35,1,,150,600,,,,,,81.8962,0.88783,,0.47806,0.36374,0.50193,,92.9599,0.7292221,0.447987,0.203947,0.364808,,,,,,50.3382,0.817808,,0.731839,0.211219,0.567307,,41.942306,0.696778,0.550745,0.282876,0.260459,1,
IRG7PH35UD,1200,20,TO-247AC,0.7,0.83,1,,150,600,,209.8867,0.7138,,,85.73849,0.85604,,0.46694,0.37813,0.52866,,95.09958676,0.71501466,0.538892,0.339796,0.568538,,114.8975,0.730212,,,49.0689,0.872988,,0.678063,0.204248,0.539984,,40.411026,0.739027,0.747024,0.341767,0.588783,1,
IRG7PH37K10D,1200,15,TO-247AC,0.58,1.71,1,,150,600,174.3334,39.9679,1.264079,,155.6025,64.8742,0.96626,,0.54455,0.36317,0.59313,,87.0196,0.583403,0.842338,0.54663,0.605729,97.8295,27.1262,1.369158,,52.1767,34.1637,1.045601,,0.726252,0.222405,0.614984,,42.9275,0.450529,1.041596,0.576627,0.522872,1,
IRG7PH42UD,1200,30,TO-247AC,0.39,0.56,1,,150,600,,199.4557,0.73389,,,153.49372,0.73153,,0.46917,0.24566,0.5534,,47.330105,1.021197711,0.511901,0.228329,0.598923,,92.8571,0.843803,,,76.771,0.774725,,0.670338,0.161087,0.55327,,17.547326,1.017098,0.735871,0.220253,0.515167,1,
IRG7PH44K10D,1200,40,TO-247AC,0.39,1.3,1,,150,600,297.9863,27.8551,1.42343,,360.2069,54.3225,1.0697,,0.53794,0.26819,0.5937,,86.93357,0.59034966,0.977866,0.519478,0.598248,193.0854,18.5771,1.40266,,195.7106,21.0844,1.236957,,0.712558,0.192057,0.590651,,30.499735,0.519013,0.974852,0.421372,0.542493,1,
IRG7PH46UD,1200,40,TO-247AC,0.32,0.83,1,,150,600,,160.4811,0.81533,,,146.11594,0.84083,,0.4949,0.21177,0.56578,,98.49821697,0.708034358,0.523115,0.347732,0.607808,,72.3782,0.97528,,,54.9541,0.976921,,0.678266,0.132816,0.569469,,42.500541,0.69298,0.73147,0.347494,0.594107,1,
IRG7PH50K10D,1200,35,TO-247AC,0.31,1.36,1,,150,600,300.9585,30.747,1.29346,,303.9861,95.981,0.93153,,0.51994,0.21427,0.62869,,45.9268,0.716316,0.925219,0.435767,0.578504,191.8864,18.2635,1.317299,,165.488,46.6265,0.997622,,0.693695,0.13015,0.621147,,25.996459,0.620612,1.190439,0.430681,0.567878,1,
IRG7PSH50UD,1200,50,TO-274AA,0.27,0.37,1,,150,600,,264.1032,0.82859,,,133.155,0.82441,,0.4759,0.15005,0.58467,,188.7502,0.5166835,0.574985,0.168126,0.632911,,99.5556,0.917695,,,63.4308,0.873941,,0.673951,0.110746,0.57703,,126.09598,0.502963,0.81871,0.209807,0.617964,1,
IRG7PSH54K10D,1200,50,TO-274AA,0.24,0.7,1,,150,600,607.245,32.8102,1.32352,,485.576,95.116,0.92371,,0.53967,0.15979,0.63016,,84.7719,0.7092641,0.740034,0.23915,0.595814,290.4761,21.6219,1.331749,,294.0394,43.7385,1.008836,,0.68772,0.101901,0.615049,,12.158805,0.883477,1.005985,0.32135,0.560166,1,
IRG7RC10FD,600,5,TO-252AA,2,6.4,45,,150,400,,73.5564,0.80534,,,59.9387,1.04994,,0.54697,0.41632,0.56854,,12.68041191,0.753364751,0.518995,0.331772,0.599088,,42.4056,0.879454,,,18.5698,1.26861,,0.778514,0.422182,0.436181,,4.224138,0.734415,0.686835,0.375848,0.504649,1,
IRG7S335UD,330,40,TO-263AB,0.48,1.7,35,,150,240,61.8297,7.0513,1.12358,,48.4924,5.3681,1.49034,,0.5462,0.07675,0.5543,,31.7417,0.700858,0.438911,0.235115,0.466064,48.2883,4.315,1.2094,,31.234,1.4529,1.692051,,0.758547,0.073144,0.468187,,19.405976,0.705982,0.767858,0.116526,0.534244,1,
IRG7RC07SD,600,3,TO-252AA,3.2,6.1,45,,150,400,,69.432,0.54162,,,312.52917,1.09958,,0.50661,0.42438,0.43909,,12.8986104,0.722166387,0.485391,0.33187,0.574363,,42.6253,0.610943,,,155.0172,1.250604,,0.706274,0.269368,0.42035,,4.302559,0.709628,0.710205,0.383313,0.512361,1,
IRG7PC35SD,600,40,TO-247AC,0.58,1.7,1,,150,400,,83.5456,0.76679,,,323.31316,0.98159,,0.50492,0.10882,0.46453,,70.64872168,0.43476968,,,,,29.0236,0.923792,,,122.1986,1.097409,,0.705102,0.092699,0.415964,,31.707982,0.36322,,,,1,
IRGB4062D  ,600,24,TO-220AB,0.6,1.53,2,,175,400,0,1.0364,0.42704,1.411082,25.1617,12.3879,0.80519,0.38765,0.41469,0.21922,0.62935,,135.4943,0.494063,0.378402,0.166622,0.512139,,,,,,,,,,,,,,,,,,1,
IRGR4059D,600,4,TO-252AA,2.7,6.3,45,,175,400,,50.3909,0.765716,,,30.3951,0.72866,,0.62419,0.55267,0.78247,,,,0.498964,0.339857,0.520174,,25.8533,0.880048,,,17.1282,0.684563,,0.59504,0.512133,0.565659,,,,0.721969,0.535184,0.326731,1,
IRGR4045D,600,6,TO-252AA,1.9,6.8,45,,175,400,19.6944,30.675,1.035013,,11.72,18.8752,1.01434,,0.61969,0.37339,0.81697,,59.5315,0.611524,0.515215,0.348743,0.524118,10.2637,15.784,1.218299,,7.84,10.0418,1.060814,,0.578716,0.379125,0.546207,,30.1807,0.583132,0.695841,0.508958,0.329195,1,
IRG7PH20K10D,1200,4.5,TO-247AC,1.1,2.8,1,,150,600,,102.5183,0.918549,,,68.2111,1.00626,,0.56085,0.82213,0.61633,,0,0,0.497575,0.805848,0.555604,,76.7695,1.007046,,,58.5633,0.761308,,0.728881,0.520264,0.623776,,0,0,0.741132,0.680749,0.487858,1,
IRG4PH40S,1200,20,TO-247AC,1.04,,1,,150,960,0,25.5965,1.35801,,0,654.6076,1.13578,,0.65133,0.12608,0.70641,0.49202,0.4985,0.51875,0.481478,0.516226,0.511444,0,23.376,1.280575,,0,268.4065,1.313002,,0.782027,0.12695,0.589992,0.506428,0.4806,0.506264,0.481424,0.505755,0.493059,1,
STGP20NC60V ,600,30,TO-220AB,0.62,0,2,,125,15,0,5.5378,1.463233,,45.3603,15.1278,1.30437,,0,0.18077,0.72125,0,0,0,0,0,0,0,2.6181,1.437723,,16.2838,7.1224,1.243508,,0,0.37459,0.51361,0,0,0,0,0,0,1,
STGW20NC60V ,600,30,TO-247AC,0.62,0,1,,125,15,0,5.2271,1.538306,,46.4037,15.8119,1.26231,,0,0.1847,0.7384,0,0,0,0,0,0,0,2.5311,1.442152,,15.7307,7.2498,1.241263,,0,0.395773,0.532073,0,0,0,0,0,0,1,
SGS23N60UFD ,600,12,TO-220 FullPak,1.7,1.2,0.5,,125,300,79.2516,3.6709,1.40269,,91.173,7.9992,1.33165,,0.59758,0.31668,0.62139,0,0,0,0.759049,0.05815,0.883019,31.376,1.6055,1.627771,,23.3038,1.8978,1.641892,,0,1.13969,0.233907,0,0,0,0.479146,0.394693,0.341922,1,
FGH20N60UFD,600,20,TO-247AD,0.76,2.51,1,,125,400,75.5002,1.1682,1.90951,,43.3097,10.1842,1.14239,,0.24834,0.41996,0.48426,0,0,0,0.682299,0.213696,0.663419,28.6171,2.9589,1.623761,,32.8793,4.9186,1.250514,,0.483423,0.307889,0.483616,0,0,0,0.972793,0.209457,0.663092,1,
FGH40N60SFD,600,40,TO-247AD,0.43,1.45,1,,125,400,172.167,0.4776,2.13023,,315.4261,0.0484,2.23616,,0.31965,0.30111,0.54797,0,0,0,0.544529,0.222799,0.602764,185.8539,0.4621,2.007406,,102.9973,0.0621,2.10897,,0.466873,0.255011,0.545701,0,0,0,0.758678,0.227162,0.541552,1,
FGH40N60SMD,600,40,TO-247AD,0.43,1.5,1,,175,400,111.8377,1.0571,1.85478,,242.8528,0.0146,2.82833,,0.32038,0.23424,0.54752,0,0,0,0.299795,0.31253,0.471074,78.2232,1.4086,1.686102,,141.107,0,4.103125,,0.602121,0.174206,0.557761,0,0,0,0.498356,0.562496,0.382362,1,
FGH40N60UFD,600,40,TO-247AD,0.43,1.45,1,,125,400,50.7138,2.6528,1.63237,,121.598,18.3921,0.93689,,0.2007,0.32315,0.45928,0,0,0,0.409394,0.308239,0.492198,198.8213,0.581,2.026372,,153.6269,0.5358,1.717871,,0.505563,0.210397,0.486203,0,0,0,0.566034,0.357236,0.453338,1,
FGH60N60SFD,600,60,TO-247AC,0.33,1.1,1,,150,400,0.279,17.7023,0.000096,1.162942688,14.3652,33.2779,0.74972,0,0.35869,0.22752,0.54358,,11.2134,0.514505,0.422364,0.230124,0.484648,66.5718,6.3216,1.327614,0.100111163,21.0225,0.1547,1.621483,0.272289829,0.564682,0.214521,0.53727,,11.386,0.639553,0.508414,0.341639,0.375618,1,
FGH60N60UFD,600,60,TO-247AC,0.33,1.1,1,,150,400,21.5527,22.1226,0.000102,0.8304387,33.8156,24.6344,0.27357,0.589658018,0.36491,0.19678,0.55048,,12.6401,0.599166,0.372597,0.218392,0.500092,14.3524,15.2334,0.000102,0.98150861,22.7459,0.0102,1.701588,0.721721233,0.634279,0.138449,0.575126,,11.7885,0.614524,0.677235,0.232279,0.486124,1,
FGB5N60UNDF,600,5,TO-263AB,1.7,4.5,35,,125,400,66.1726,5.3355,1.656365,,0,27.3398,0.73937,,0.44821,0.6296,0.623,0,0,0,0.647912,0.346452,0.632839,20.3552,5.5782,1.537139,,0,20.24,0.780697,,0.437398,0.589575,0.56826,0,0,0,0.967173,0.226579,0.723512,1,
FGPF10N60UNDF,600,10,TO-220 FullPak,3,5.6,0.5,,125,400,48.8268,2.5276,1.892231,,46.3459,0.9199,1.5943,,0.37156,0.53415,0.55613,0,0,0,0.640578,0.236908,0.617294,34.7286,2.0259,1.713644,,43.1623,0.037,2.413773,,0.397545,0.444601,0.562528,0,0,0,0.917295,0.213265,0.663506,1,
FGP10N60UNDF,600,10,TO-220AB,0.9,3.5,2,,125,400,47.7611,2.4363,1.777397,,48.7891,0.9263,1.52668,,0.38878,0.53332,0.54049,0,0,0,0.66543,0.249397,0.657918,34.0995,1.9967,1.781421,,42.688,0.0378,2.391327,,0.399058,0.431645,0.54413,0,0,0,0.917536,0.214548,0.651289,1,
FGP15N60UNDF,600,15,TO-220AB,0.7,2.3,2,,125,400,0,6.4239,1.632939,,61.8449,0.5708,1.60085,,0.20793,0.62784,0.4991,0,0,0,0.543701,0.218364,0.533065,45.0947,2.7261,1.76303,,44.5118,0.0494,2.346502,,0.575307,0.346081,0.557711,0,0,0,0.801557,0.138335,0.610349,1,
FGB20N60SFD,600,20,TO-263AB,0.6,2.6,35,,125,400,50.4178,2.5228,1.668447,,35.2947,6.2832,1.21139,,0.26126,0.42732,0.55543,0,0,0,0.504775,0.295315,0.580334,52.1506,1.4821,1.761916,,31.2577,1.3139,1.475967,,0.431778,0.399123,0.522873,0,0,0,0.735928,0.313951,0.564642,1,
FGAF40N60UFD,600,20,TO-3P,1.2,2.6,1,,125,300,49.0129,5.853,1.44135,,47.0786,4.5546,1.31103,,0.89725,0.21593,0.66962,0,0,0,0.353008,0.289429,0.447604,79.1072,3.2916,1.600389,,21.062,0.5741,1.691197,,1.05,1.141965,0.257576,0,0,0,0.357911,0.442913,0.308467,1,
SGP23N60UFD  ,600,12,TO-220AB,1.2,2.5,2,,125,300,76.4797,1.4174,1.811362,,57.7544,10.1535,1.31518,,0.65559,0.24176,0.70636,0,0,0,0,0,0,29.3842,0.7289,1.836144,,15.3132,1.7538,1.752104,,0.712543,0.384864,0.509279,0,0,0,0,0,0,1,
1MB20D-060 ,600,20,TO-247AC,0.86,1.66,1,,125,300,0,14.5426,1.07234,,0,52.4697,0.90464,,0.33401,0.49621,0.46732,0,0,0,0.097048,0.562339,0.334773,12.575,2.5028,1.445038,,2.1078,7.1292,1.131441,,1.05,0.924283,0.280928,0,0,0,0,0.940108,0.263407,1,
SGP15N60 ,600,15,TO-220AB,0.9,0,2,,150,400,80.4581,16.7022,1.16193,,75.7373,17.2297,1.10926,,0.25378,0.51302,0.48232,0,0,0,0,0,0,54.4789,10.8159,1.110923,,49.395,11.277,1.119923,,0.450156,0.46658,0.460261,0,0,0,0,0,0,1,
SGW15N60 ,600,15,TO-247AC,0.9,0,1,,150,400,78.1281,15.4791,1.12319,,75.4974,16.3468,1.07325,,0.24518,0.54607,0.49759,0,0,0,0,0,0,54.3765,10.6515,1.18546,,51.0623,11.3753,1.12513,,0.446894,0.462926,0.463669,0,0,0,0,0,0,1,
SGB15N60 ,600,15,TO-263AB,0.9,0,35,,150,400,78.1149,16.5408,1.12645,,76.4324,16.6841,1.0871,,0.24777,0.54394,0.48679,0,0,0,0,0,0,52.0106,10.7821,1.193584,,49.4285,11.1636,1.15189,,0.437079,0.455215,0.466605,0,0,0,0,0,0,1,
IGW30N60H3 ,600,30,TO-247AC,0.8,0,1,,175,400,82.1429,8.6177,1.44193,,5.8903,15.7676,1.07529,,0.47014,0.26433,0.58966,0,0,0,0,0,0,70.2802,7.2678,1.402771,,4.4362,10.9587,1.042469,,0.668714,0.187978,0.557158,0,0,0,0,0,0,1,
IKW30N60H3  ,600,30,TO-247AC,0.8,1.05,1,,175,400,0,6.661,0.009364,1.50352535,28.334,9.0708,1.2217,0,0.58743,0.14021,0.77974,,0,0,0.212574,0.344397,0.51253,48.0093,4.5149,1.571115,0,21.1936,6.4185,1.272446,0,0.655504,0.137946,0.629637,,0,0,0.439479,0.347981,0.45584,1,
IKW50N60H3  ,600,50,TO-247AC,0.45,1.05,1,,175,400,69.5212,2.0254,1.675694,0.000103,69.547,8.2764,1.23628,0.000096,0.52524,0.10986,0.72597,,,,0.213827,0.294664,0.462813,74.618,2.0862,1.608351,0.000096,57.7378,6.6722,1.197039,0,0.783672,0.08789,0.625599,,0,0,0.453861,0.331827,0.390635,1,
IKW75N60H3  ,600,50,TO-247AC,0.35,0.8,1,,175,400,97.3554,0.5643,1.334608,0.687506658,4.9472,12.0306,0.00087,1.106943513,0.53864,0.08374,0.71367,,,,0.400111,0.147602,0.538258,67.6196,0.3972,1.330055,0.631775123,44.42,8.1948,0.900535,0.313052543,0.723036,0.056671,0.711789,,0,0,0.625369,0.158754,0.470606,1,
SGW20N60HS ,600,20,TO-247AD,0.7,0,1,,150,400,135.4044,1.1091,1.95287,,17.3732,6.9009,1.10918,,0.0746,0.93812,0.42984,0,0,0,0,0,0,108.555,0.9435,1.831154,,22.7249,8.4479,1.108536,,0.46525,0.54597,0.496689,0,0,0,0,0,0,1,
SKW30N60HS ,600,30,TO-247AD,0.5,1.29,1,,150,400,144.8162,1.9094,1.76554,,99.6253,3.6243,1.42713,,0.0106,0.79387,0.40907,0,0,0,0.388149,0.21674,0.522609,112.9395,1.5056,1.678031,,110.3431,4.2741,1.404673,,0.485923,0.396399,0.5177,0,0,0,0.516177,0.249888,0.428144,1,
IKP15N60T  ,600,15,TO-220AB,1.15,1.9,2,,175,400,0,24.0629,0.000102,0.998140169,48.733,29.4974,0.78301,0.164808075,0.36454,0.26394,0.66391,,,,0.13607,0.429075,0.435311,0,16.037,0.000099,0.999565009,21.2946,21.5436,0.000104,0.775293383,0.430093,0.267456,0.503639,,0,0,0.323172,0.492338,0.345462,1,
IKP20N60T  ,600,20,TO-220AB,0.9,1.5,2,,175,400,7.162,8.0822,0.000096,1.196680841,43.318,15.7905,0.39241,0.625995641,0.42218,0.17615,0.73814,,,,0.217082,0.30364,0.508158,4.6367,8.4902,0.0001,1.042298032,18.5474,20.7229,0.000096,0.798219501,0.434143,0.191137,0.556663,,0,0,0.466226,0.311521,0.448123,1,
IKW20N60T  ,600,20,TO-247AD,0.9,1.5,1,,175,400,7.5815,7.8398,0.000101,1.174346172,42.2021,16.9808,0.40824,0.603639367,0.41191,0.17484,0.7399,,,,0.21301,0.295557,0.500605,4.7982,8.5743,0.000099,1.064674634,19.1238,19.6808,0.000099,0.836857204,0.423682,0.193462,0.550746,,,,0.498402,0.301643,0.435628,1,
IKW30N60T  ,600,30,TO-247AC,0.8,1.05,1,,175,400,89.4438,0.9192,1.436252,0.448251579,95.5642,17.7241,0.72962,0.369327637,0.3809,0.13226,0.73815,,0,0,0.203152,0.272858,0.469113,56.0652,0.5198,1.448013,0.48561761,64.4736,12.7512,0.708968,0.354299618,0.595587,0.118113,0.604026,,0,0,0.499908,0.297664,0.381923,1,
IKW50N60T  ,600,50,TO-247AD,0.45,0.8,1,,175,400,311.9754,2.5493,1.639574,,185.3507,18.2292,1.16478,,0.31968,0.11856,0.68122,0,0,0,0.197366,0.22459,0.467309,169.3831,2.6,1.514137,,148.4064,14.2748,1.158829,,0.457899,0.135235,0.50336,0,0,0,0.454281,0.240139,0.430984,1,
IKW75N60T  ,600,75,TO-247AD,0.35,0.6,1,,175,400,403.0689,2.6182,1.655475,,345.1632,7.7731,1.31103,,0.35304,0.07768,0.72449,0,0,0,0.204991,0.154933,0.486036,260.2889,1.7869,1.586318,,302.7006,6.7758,1.321913,,0.542951,0.075164,0.610414,0,0,0,0.380323,0.217208,0.420849,1,
SKW30N60 ,600,30,TO-247AD,0.5,1,1,,150,400,112.3818,6.854,1.38776,,217.1189,6.3863,1.35026,,0.27521,0.39796,0.47551,0,0,0,0.207638,0.275346,0.392453,75.4954,4.3759,1.435277,,153.9614,4.4909,1.383598,,0.540133,0.268317,0.493852,0,0,0,0.484812,0.264748,0.381979,1,
IKD10N60R  ,600,10,TO-252AA,1,2.6,45,,175,400,43.3007,11.0288,1.500274,,33.6815,124.7417,0.62704,,0.19042,0.3978,0.62669,0,0,0,0.011943,0.711113,0.365764,23.0241,8.0603,1.330808,,23.1641,79.2264,0.652631,,0.458301,0.343953,0.546117,0,0,0,0.31179,0.578157,0.380959,1,
IKD15N60RF ,600,15,TO-252AA,0.6,2,45,,175,400,83.8021,7.5264,1.41329,,37.3737,19.0369,0.98898,,0.37583,0.34309,0.60573,0,0,0,0.699154,0.329296,0.492105,48.8637,4.2082,1.413087,,29.5634,15.2441,0.993641,,0.568959,0.420961,0.525022,0,0,0,0.37952,0.479341,0.474384,1,
IKD04N60RF ,600,4,TO-252AA,2,4.5,45,,175,400,14.7535,28.6739,0.9189,,4.7864,26.9392,0.73516,,0.31387,0.90117,0.55917,0,0,0,0.442654,0.835629,0.454571,7.9455,15.5907,0.872068,,2.9025,18.15,0.715948,,0.648954,0.772417,0.503214,0,0,0,0.70902,0.757114,0.448099,1,
IKD10N60RF  ,600,10,TO-252AA,1,2.6,45,,175,400,23.3584,14.0684,1.334711,,29.6634,18.4232,0.96872,,0.3784,0.3893,0.65488,0,0,0,0.232276,0.631782,0.444121,13.9969,8.9857,1.28845,,21.0873,13.0916,1.009976,,0.560283,0.502115,0.522446,0,0,0,0.571068,0.540656,0.46978,1,
IKB06N60T ,600,6,TO-263AB,1.7,2.6,35,,175,400,23.5591,13.0276,1.2082,,27.2299,26.3845,0.95184,,0.3394,0.49951,0.59535,0,0,0,0.141598,0.722726,0.425566,16.6963,8.8031,1.180448,,16.8361,16.7125,1.015522,,0.279927,0.590726,0.405088,0,0,0,0.30396,0.719161,0.326924,1,
IKW50N60T ,600,50,TO-247AD,0.45,0.8,1,,175,400,200.9305,7.1545,1.32603,,121.1123,28.3863,1.06991,,0.38485,0.10816,0.6878,0,0,0,0.265877,0.162451,0.539017,145.5957,4.5925,1.417477,,92.6427,22.7254,1.028546,,0.580648,0.104454,0.542172,0,0,0,0.461782,0.301213,0.350075,1,
IKW75N60T ,600,75,TO-247AD,0.35,0.6,1,,175,400,375.9808,3.8441,1.45854,,210.9009,15.938,1.14597,,0.37145,0.07312,0.66959,0,0,0,0.223489,0.36564,0.300693,250.7416,2.7253,1.439706,,187.993,14.3245,1.162949,,0.582232,0.077332,0.576173,0,0,0,0.1901,0.207735,0.451779,1,
IXXH50N60B3D1  ,600,50,TO-247AD,0.25,0.9,1,,150,360,344.1926,1.7928,1.81204,,28.9978,189.2115,0.52927,,0.25916,0.20406,0.58953,0,0,0,0,0.680047,0.25474,145.4568,0.2069,2.188561,,339.0774,10.0761,0.993883,,0.535136,0.115625,0.627632,0,0,0,0,1.19313,0.212424,1,
IXGP50N60B4  ,600,50,TO-220AB,0.42,0,2,,125,400,33.1677,17.7407,1.11274,,0,45.6019,1.05532,,0.63938,0.0756,0.66033,0,0,0,0,0,0,33.8494,18.0144,1.131348,,0,12.1536,1.200486,,1,0.387312,0.230886,0,0,0,0,0,0,1,
IXGH50N60B4  ,600,50,TO-247AD,0.42,0,1,,125,400,34.4468,18.0458,1.04614,,0,45.4636,1.03618,,0.64693,0.07454,0.65833,0,0,0,0,0,0,33.7824,17.6207,1.094906,,0,11.5829,1.266436,,1,0.386593,0.224538,0,0,0,0,0,0,1,
IXGA50N60B4  ,600,50,TO-263AB,0.42,0,35,,125,400,32.8006,18.2446,1.11079,,0,43.8695,1.03788,,0.63508,0.07366,0.62521,0,0,0,0,0,0,32.7694,17.9461,1.114481,,0,12.364,1.242305,,1,0.394826,0.223322,0,0,0,0,0,0,1,
SGH40N60UFD  ,600,20,TO-247AD,0.77,1.7,1,,150,300,129.8746,0.2134,2.266049,0.04335689,62.7273,0.0997,2.05793,0.487821314,0.80583,0.09678,0.84427,,,,0.365768,0.206414,0.558852,21.8086,0.0061,2.719195,0.44636525,17.9146,0.0569,1.834833,0.56956904,0.894475,0.177517,0.664313,,,,0.693087,0.233498,0.494327,1,
RJH60D2DPP ,600,12,TO-220 FullPak,4.6,6.3,0.5,,150,300,17.4148,0.8231,1.656287,0.402038784,5.232,9.2446,0.0001,1.178698184,0.94617,0.10419,0.86787,,,,0.303297,0.363043,0.361886,4.2617,0.1815,1.339034,0.949806373,2.7734,4.5928,0.000102,1.204060786,1.199256,0.049093,0.956096,,0,0,0.559984,0.300354,0.352248,1,
STGW45HF60WD ,600,45,TO-247AC,0.5,1.5,1,,0,15,332.3128,0.2931,2.002905,,130.8935,1.1709,1.73621,,0,0.69186,0.24325,0,0,0,0,0.418834,0.411252,184.6905,0.1505,1.971356,,80.5145,0.7153,1.795108,,0,0.857609,0.234668,0,0,0,0.183616,0.549991,0.356461,1,
STGFL6NC60DI  ,600,6,TO-220 FullPak,5.6,7,0.5,,125,390,5.7084,10.5697,1.34938,,0,14.8316,1.02643,,0,1.41555,0.37853,0,0,0,0.033545,0.883775,0.310929,3.7212,6.3838,1.352445,,0,7.4795,1.108198,,0,1.626232,0.281676,0,0,0,0.358696,1.023962,0.28194,1,
STGPL6NC60DI  ,600,6,TO-220AB,2.2,4,2,,125,390,5.7754,11.1351,1.29128,,0,14.8743,1.04334,,0,1.43632,0.37933,0,0,0,0.034519,0.896145,0.291834,3.9264,6.4523,1.30988,,0,7.674,1.080916,,0,1.656347,0.280735,0,0,0,0.361929,1.037232,0.297389,1,
STGDL6NC60DI  ,600,6,TO-252AA,2.5,4.5,45,,125,390,5.6054,10.9177,1.33038,,0,13.9073,1.03025,,0,1.37715,0.37105,0,0,0,0.035067,0.878551,0.293493,3.7398,6.4582,1.329318,,0,7.6243,1.081727,,0,1.629089,0.293652,0,0,0,0.346235,1.064803,0.292236,1,
STGD6NC60HD  ,600,6,TO-252AA,2,4.5,45,,125,390,0,10.2241,1.149956,,9.6035,19.5609,1.33895,,1.31227,0.12625,1.01541,0,0,0,0.846361,0.222743,0.645146,0,5.5179,1.165544,,7.0147,14.0297,1.320782,,1.647009,0.098979,1.03442,0,0,0,1.13393,0.232475,0.682293,1,
STGBL6NC60DI  ,600,6,TO-263AB,2.2,4,35,,125,390,5.7683,10.6284,1.36588,,0,14.1362,1.0238,,0,1.35871,0.37625,0,0,0,0.036129,0.875349,0.297235,4.0102,6.2005,1.359671,,0,7.5212,1.079756,,0,1.663335,0.294954,0,0,0,0.353257,1.039333,0.291754,1,
STGP7NC60HD  ,600,7,TO-220AB,1.56,,2,,150,390,9,9.5598,0.000103,1.07107883,38.7578,5.5535,0.0001,0.952459407,0.8253,0.19491,0.74639,,,,0.256007,0.649741,0.430208,4.5187,3.6344,0.128184,1.174045529,5.4525,6.7027,0.000103,1.179346388,1.248741,0.271442,0.81181,,0,0,0.564282,0.774981,0.398678,1,
STGF8NC60KD  ,600,8,TO-220 FullPak,5.1,7,0.5,,125,390,0,23.7717,1.160864,,0,46.5752,1.17206,,1.08415,0.30651,0.86131,0,0,0,0.450034,0.487966,0.52655,0,14.9094,1.182417,,0,23.9447,1.165107,,1.517832,0.279663,0.834233,0,0,0,0.704946,0.548195,0.442017,1,
STGP8NC60KD  ,600,8,TO-220AB,1.9,4,2,,125,390,0,23.1608,1.197535,,0,45.4578,1.11125,,1.08859,0.29611,0.80868,0,0,0,0.426639,0.501263,0.515356,0,15.1332,1.253126,,0,23.5833,1.097415,,1.454456,0.297988,0.810982,0,0,0,0.662654,0.53722,0.469526,1,
STGD8NC60KD  ,600,8,TO-252AA,2,4.5,45,,125,390,0,23.994,1.178599,,0,46.4276,1.15512,,1.09686,0.31066,0.81668,0,0,0,0.419557,0.500998,0.517705,0,14.2106,1.214091,,0,23.3026,1.186421,,1.477133,0.280821,0.831329,0,0,0,0.67156,0.546659,0.464288,1,
STGB8NC60KD  ,600,8,TO-263AB,1.9,4,35,,125,390,0,23.8853,1.208888,,0,47.5232,1.14461,,1.0239,0.29659,0.83699,0,0,0,0.441837,0.504427,0.526318,0,14.8892,1.235756,,0,24.5616,1.135364,,1.462476,0.296064,0.778647,0,0,0,0.690261,0.528134,0.466253,1,
STGF10NC60KD  ,600,10,TO-220 FullPak,5,7,0.5,,125,390,5.8085,6.5079,0.000097,1.218495397,12.0219,13.485,0.0001,1.188874075,0.87498,0.23721,0.80985,,0,0,0.267471,0.668894,0.434688,4.2481,3.3845,0.13253,1.131046492,5.5008,6.673,0.000097,1.196796651,1.307021,0.272865,0.770606,,0,0.769829,0.538312,0.762832,0.40124,1,
STGP10NC60KD  ,600,10,TO-220AB,1.9,4,2,,125,390,5.9963,6.6133,0.000103,1.176246062,11.539,13.7744,0.0001,1.18632411,0.86751,0.24217,0.81796,,0,0,0.257675,0.680337,0.449566,4.4132,3.3677,0.13271,1.125380764,5.6462,6.3112,0.000099,1.212822647,1.242483,0.267792,0.806307,,0,0.761048,0.56356,0.748058,0.386924,1,
STGD10NC60KD  ,600,10,TO-252AA,2,4.5,45,,125,390,5.9207,6.3628,0.000097,1.1804904,11.2954,13.882,0.0001,1.161073179,0.85085,0.24757,0.83962,,0,0,0.255028,0.66526,0.440966,4.3479,3.475,0.135211,1.180725103,5.8616,6.4364,0.0001,1.231270589,1.238237,0.266296,0.814179,,0,0.79457,0.543651,0.76632,0.39618,1,
STGB10NC60KD  ,600,10,TO-263AB,1.9,4,35,,125,390,5.6329,6.7437,0.000103,1.22446574,11.7016,13.1379,0.0001,1.184504394,0.88665,0.25757,0.85805,,0,0,0.263831,0.649238,0.438094,4.4379,3.4794,0.13188,1.133421335,5.4825,6.8329,0.000102,1.172194204,1.256825,0.258393,0.77278,,0,0.800842,0.561547,0.76973,0.392277,1,
STGF14NC60KD  ,600,14,TO-220 FullPak,4.5,5.6,0.5,,125,390,22.3598,5.7843,1.552472,,0,46.9509,1.0593,,0.93174,0.1516,0.90678,0,0,0,0.361254,0.401259,0.439545,12.2445,4.0797,1.486225,,0,18.841,1.025032,,1.170813,0.176824,0.820387,0,0,0,0.759428,0.449401,0.424737,1,
STGP14NC60KD  ,600,14,TO-220AB,1.56,2.2,2,,125,390,22.5781,5.6565,1.520511,,0,45.3743,1.08695,,0.93031,0.15255,0.83813,0,0,0,0.356626,0.403078,0.444545,12.3707,3.9628,1.497463,,0,19.8947,1.10333,,1.20945,0.174346,0.881459,0,0,0,0.81923,0.427984,0.438188,1,
STGB14NC60KD  ,600,14,TO-263AB,1.56,2.2,35,,125,390,22.7494,5.7011,1.535139,,0,45.1614,1.04333,,0.94257,0.15998,0.85353,0,0,0,0.378611,0.417446,0.434338,12.5242,3.7822,1.433382,,0,20.2253,1.058166,,1.1987,0.179629,0.862493,0,0,0,0.802959,0.445375,0.434027,1,
STGF10NB60SD  ,600,16,TO-220 FullPak,5,5.6,0.5,,125,480,165.0165,28.8627,1.485594,,1329.2701,229.8745,1.43537,,0.59711,0.10493,0.83267,0,0,0,0.32113,0.422645,0.41021,0.2792,52.795,1.053599,,417.9675,269.2363,1.193539,,0.81685,0.061201,0.919104,0,0,0,0.700803,0.415974,0.441755,1,
STGP10NB60SD  ,600,16,TO-220AB,1.56,2.2,2,,125,480,166.0722,28.8256,1.431724,,1310.9068,233.2306,1.44667,,0.57391,0.10152,0.85547,0,0,0,0.316279,0.422694,0.415804,0.2703,52.1308,1.075654,,413.7803,276.7547,1.245142,,0.837784,0.060687,0.897303,0,0,0,0.700532,0.427729,0.441921,1,
STGWA19NC60HD  ,600,19,TO-247AD,0.6,3,1,,150,390,12.6204,0,3.113406,1.176945746,44.4679,16.7279,0.76073,0.454322666,0.35896,0.57379,0.32562,,,,0.082743,0.607566,0.452959,3.2139,1.7051,0.123689,1.147180173,7.2938,8.1293,0.0001,0.986904504,0.779647,0.325558,0.428692,,,,0.168203,0.767932,0.474491,1,
STGF19NC60KD  ,600,20,TO-220 FullPak,3.9,5.6,0.5,,125,480,0,24.7357,0.89716,,39.1248,13.839,1.35857,,0.37746,0.36363,0.51133,0,0,0,0.187849,0.431484,0.489257,31.8262,3.746,1.475046,,22.2968,8.1589,1.322964,,0.082984,0.940181,0.290326,0,0,0,0.090102,0.819684,0.311719,1,
STGP19NC60KD  ,600,20,TO-220AB,0.95,3,2,,125,480,0,24.4566,0.945676,,37.2128,14.7022,1.32598,,0.3661,0.37054,0.4822,0,0,0,0.185408,0.446725,0.464855,32.4841,3.8871,1.362551,,22.264,8.0573,1.33465,,0.084104,0.888207,0.292801,0,0,0,0.09078,0.800744,0.327938,1,
STGB19NC60KD  ,600,20,TO-263AB,0.95,3,35,,125,480,0,25.6103,0.910712,,37.6222,14.4623,1.32608,,0.35721,0.36628,0.49199,0,0,0,0.189221,0.446616,0.469493,33.1257,3.9461,1.401482,,20.7622,8.2166,1.383621,,0.08317,0.930446,0.290806,0,0,0,0.088813,0.79242,0.312233,1,
STGW30NC60VD  ,600,30,TO-247AD,0.5,1.5,1,,150,390,0,8.2112,0.761157,0.606844242,11.0744,12.5978,0.0001,1.246739588,0.59686,0.18896,0.56646,,,,0,0.294587,0.493717,0,3.6934,0.147296,1.18427361,3.6902,4.6675,0.000104,1.232724395,0.698744,0.284444,0.440062,,,,0,0.405512,0.462097,1,
STGW39NC60VD ,600,40,TO-247AC,0.5,1.5,1,,125,15,21.9718,19.2921,0.950006,,18.7452,20.2016,1.17727,,0.60246,0.16074,0.5946,0,0,0,0.449954,0.364831,0.384917,12.7043,10.6589,1.008325,,9.2467,9.5318,1.222813,,1.180881,0.029709,0.922949,0,0,0,0.521584,0.435764,0.413255,1,
STGF6NC60HD  ,600,3,TO-220 FullPak,5,7.5,0.5,,125,390,0,10.1462,1.168053,,14.922,16.2911,1.4012,,1.23058,0.15735,1.03812,0,0,0,0.957302,0.229004,0.717095,0,5.6839,1.189012,,10.7299,11.3872,1.470912,,1.419023,0.141027,1.027579,0,0,0,1.21727,0.276176,0.684394,1,
STGP6NC60HD  ,600,7,TO-220AB,2,3,2,,125,390,0,9.9762,1.146694,,15.3002,15.4768,1.3946,,1.20831,0.15659,1.04976,0,0,0,1.019094,0.224254,0.689357,0,5.5608,1.145245,,10.8293,12.2382,1.419441,,1.51018,0.137909,1.083053,0,0,0,1.237353,0.273899,0.688905,1,
STGB6NC60HD  ,600,7,TO-263AB,2,3,35,,125,390,0,10.3548,1.175837,,15.4119,16.3829,1.45253,,1.17924,0.15788,1.04188,0,0,0,1.014751,0.23843,0.739116,0,5.4388,1.224861,,11.4782,11.6627,1.466774,,1.4276,0.136243,1.038304,0,0,0,1.228098,0.275973,0.681138,1,
GT30J122,600,12,TO-247 FullPak,1.67,,,,150,400,35.8593,43.0827,0.00017,0.81210873,16.3261,11.8431,0.0001,1.272616843,0.76446,0.07207,0.70802,,,,0,0,0,10.2234,10.8711,0.000174,1.05078367,3.5523,3.1706,0.244911,1.324916692,1.16519,0.18513,1.002651,,0,0,0,0,0,1,GT30J122
GT20J321,600,20,TO-220 FullPak,2.78,4.23,0.5,,150,300,51.8552,3.7919,1.28041,0.327645,32.7253,0,4.67802,0.84596,0.75359,0.24889,0.66848,,61.7216,0.418821,0.435892,0.240256,0.444833,7.0316,1.4686,0,1.259779,13.9243,11.8795,0.000061,0.96923,0.85921,0.700394,0.360275,,28.9455,0.309951,0.667391,0.211119,0.496136,1,
GT30J341,600,30,TO-247AD,0.65,1.05,1,,150,300,248.0722,3.1011,1.64765,,48.2321,7.3914,1.34151,,0.25084,0.25109,0.5183,0,0,0,0.326798,0.280889,0.377872,87.5849,1.2022,1.904877,,59.9477,4.216,1.407096,,0.602712,0.131393,0.556548,0,0,0,0.46601,0.461647,0.280752,1,
IPP65R660CFD,650,6,TO-220AB,2,0,2,,150,360,,,,,,,,,0,1.5123,0.95894,,,,,,,,,,,,,,,0,0.578106,1.036132,,,,,,,1,
IGP40B65H5  ,650,40,TO-220AB,0.6,,2,,150,400,0.0001,14.2098,0.00025,1.255128049,37.5138,0.7445,1.40165,0.255683524,0.43332,0.1613,0.58254,,0,0,0,0,0,53.7471,6.6861,1.300927,0.000096,22.9456,0.4468,1.385861,0.254948758,0.585467,0.150274,0.539492,,0,0,0,0,0,1,
IGW40N65H5  ,650,40,TO-247AC,0.6,,1,,150,400,0.0001,13.686,0.000261,1.233537975,38.5049,0.7697,1.44138,0.243457027,0.45117,0.16143,0.59658,,0,0,0,0,0,51.3609,6.9496,1.347648,0.000101,23.1919,0.4252,1.435585,0.255569241,0.559165,0.159075,0.522828,,0,0,0,0,0,1,
IGW30N100T  ,1000,30,TO-247AD,0.36,,1,,175,600,352.7577,13.5408,1.078542,0.376544527,3.0111,74.0007,0.00017,1.056730802,0.53866,0.12122,0.70381,,,,,,,227.5026,9.3247,1.053319,0.359918604,85.7943,8.8442,0.696177,0.620849396,0.701091,0.081326,0.696669,,,,,,,1,
FGL35N120FTD ,1200,35,TO-247AD,0.34,0.9,1,,125,600,454.0085,10.3693,1.59893,,230.1315,14.1234,1.31229,,0.392,0.24872,0.52847,0,0,0,0.464509,0.406253,0.454246,323.9012,7.7292,1.616433,,36.679,31.7608,1.090913,,0.432755,0.271039,0.434108,0,0,0,0.590098,0.541071,0.38904,1,
FGA30N120FTD  ,1200,60,TO-3P,0.38,1.2,1,,125,600,48.0644,1.5696,1.79152,,271.3558,48.8747,0.9542,,0.30079,0.27691,0.51827,0,0,0,0.495865,0.147257,0.509864,64.1651,1.0489,1.849983,,0,78.6349,0.792651,,0.26891,0.335554,0.404451,0,0,0,0.6959,0.136898,0.435776,1,
FGH25N120FT  ,1200,25,TO-247AD,0.4,1.25,1,,125,600,320.6082,15.0838,1.43592,,0,39.2193,1.17701,,0.35962,0.33332,0.46333,0,0,0,0.385609,0.418183,0.475308,208.0467,6.7898,1.600464,,0,27.9808,1.171565,,0.526166,0.231173,0.466972,0,0,0,0.574962,0.571229,0.379833,1,
HGTG11N120CN  ,1200,11,TO-247AC,0.42,1.25,1,,150,960,137.6324,78.7493,0.0001,0.901198345,301.3997,239.6707,0.39865,0.36538827,0.51093,0.53145,0.61275,,,,0.555008,0.364564,0.526541,31.6444,42.2106,0.000104,1.06515326,112.6868,217.5244,0.713679,0.000102,0.608893,0.394942,0.576526,,,,0.907136,0.649675,0.414164,1,
HGTG27N120BN  ,1200,27,TO-247AC,0.25,,1,,150,960,89.5883,150.8989,0.000097,0.948711743,212.0632,271.2534,0.0001,0.615158675,0.09955,0.69149,0.50267,,,,,,,37.4528,15.6824,0.000675,1.19218021,246.6962,33.787,0.0001,0.650188938,0.688037,0.265741,0.583215,,,,,,,1,
FGL40N120AND  ,1200,40,TO-274AA,0.25,0.7,1,,150,600,122.1706,0.3722,1.566411,0.648365859,3.7068,61.4774,0.00016,0.884912452,0.48385,0.35576,0.50741,,,,0.29568,0.502719,0.410186,96.5837,0.0517,1.787614,0.775533977,26.384,0.5208,0.0001,1.028439895,0.78446,0.209779,0.583927,,,,0.392377,0.454536,0.430185,1,
HGTG11N120CND ,1200,43,TO-247AD,0.42,1.25,1,,150,960,273.9438,134.9499,1.01249,,30.5631,437.4535,0.6492,,0.3325,0.72372,0.51198,0,0,0,0.391551,0.4946,0.4699,127.0573,41.1807,1.20423,,147.0752,187.8605,0.722368,,0.50195,0.500857,0.487322,0,0,0,0.468372,1.03267,0.313095,1,
IGW40N120H3  ,1200,40,TO-247AD,0.31,,1,,175,600,0.0022,1.2059,0.00059,2.05647622,15.4747,72.8693,0.0001,0.913553454,0.54559,0.12792,0.71738,,,,,,,0.0023,1.0017,0.000625,2.007427103,9.7576,30.5596,0.000096,0.895842747,0.747417,0.084736,0.748034,,,,,,,1,
IKW40N120H3  ,1200,40,TO-247AD,0.31,1.11,1,,175,600,555.895,6.9883,1.71254,,21.9977,71.2336,0.95764,,0.55741,0.17817,0.67121,0,0,0,0.584021,0.414173,0.452074,394.2824,5.3455,1.759265,,10.1721,33.7556,0.960347,,0.728671,0.119069,0.632441,0,0,0,0.653198,0.244153,0.546009,1,
IGW40T120  ,1200,40,TO-247AD,0.45,,1,,150,600,4.6759,18.1549,0.0001,1.539683062,69.5901,87.8921,0.00032,0.940261504,0.38668,0.11026,0.74203,,,,,,,3.4086,11.4691,0.000102,1.44485397,42.8892,49.0703,0.000318,0.957010839,0.793776,0.050555,0.831804,,,,,,,1,
IKW40N120T ,1200,40,TO-247AD,0.31,0.53,1,,175,600,875.7153,13.2471,1.5625,,532.68,72.1929,1.06799,,0.4529,0.15017,0.69561,0,0,0,0.304538,0.202354,0.521543,577.2504,9.1927,1.531249,,295.4794,38.7752,1.07605,,0.549901,0.199414,0.4847,0,0,0,0.582854,0.236288,0.460044,1,
VBG4BC20KD,600,8,TO-220AB,2.1,3.5,2,,150,480,,61.6385,0.75199,,,37.47505,1.23794,,0.73729,0.39391,0.66259,,,,0.480127,0.298614,0.484192,,66.0998,0.686835,,,11.8354,1.367468,,0.975805,0.386349,0.531472,,,,0.710926,0.291752,0.386385,1,
VBGPS60B120KD,1200,60,TO-274AA,0.2,0.41,1,,150,600,,51.0158,1.21311,,,166.19169,0.9442,,0.96438,0.10727,0.73757,,,,0.514617,0.162959,0.551673,,31.0572,1.156278,,,98.2744,1.000958,,1.534509,0.01563,0.965613,,,,0.720564,0.126973,0.539246,1,
VBGP4072D,300,40,TO-247AC,0.7,0.87,1,,150,240,,30.1763,0.91208,,,11.54865,1.17575,,0.47765,0.10847,0.60985,,81.21006059,0.63970326,0.394271,0.173509,0.505934,,8.0846,1.040492,,,26.3336,1.061816,,0.671188,0.144148,0.441798,,43.288445,0.628426,0.64136,0.314323,0.419319,1,
